{
  "timestamp": 1749027076,
  "byte_embedding": [
    186,
    188,
    127,
    133,
    136,
    131,
    176,
    169,
    120,
    198,
    202,
    142,
    186,
    194,
    124,
    184,
    169,
    126,
    185,
    191,
    123,
    179,
    182,
    130,
    184,
    195,
    126,
    179,
    190,
    130,
    184,
    191,
    124,
    177,
    180,
    132,
    185,
    195,
    126,
    184,
    196,
    126,
    182,
    187,
    128,
    180,
    184,
    130,
    182,
    186,
    128,
    179,
    183,
    131,
    185,
    201,
    128,
    183,
    200,
    133,
    124,
    125,
    125,
    137,
    123,
    118,
    123,
    113,
    131,
    125,
    111,
    121,
    155,
    136,
    119,
    132,
    107,
    135,
    137,
    146,
    116,
    140,
    125,
    147,
    116,
    127,
    130,
    141,
    127,
    129,
    135,
    124,
    121,
    142,
    114,
    131,
    129,
    120,
    120,
    141,
    108,
    126,
    111,
    135,
    153,
    150,
    129,
    114,
    122,
    121,
    135,
    112,
    137,
    139,
    149,
    147,
    136,
    131,
    114,
    122,
    112,
    118,
    111,
    120,
    127,
    142,
    135,
    117
  ],
  "original_embedding": [
    0.4663670063018799,
    0.4793797731399536,
    0.00020883139222860336,
    0.04977229982614517,
    0.07425621896982193,
    0.028163226321339607,
    0.38815370202064514,
    0.3272378444671631,
    -0.05099291726946831,
    0.5545629262924194,
    0.5903306603431702,
    0.11855515092611313,
    0.4650157690048218,
    0.5259584188461304,
    -0.026480574160814285,
    0.4483010768890381,
    0.33277082443237305,
    -0.005609495099633932,
    0.4539497494697571,
    0.49941977858543396,
    -0.029681047424674034,
    0.40652304887771606,
    0.428551584482193,
    0.02208125777542591,
    0.4475993812084198,
    0.5321564674377441,
    -0.007250121794641018,
    0.41006597876548767,
    0.49136361479759216,
    0.021918009966611862,
    0.45086589455604553,
    0.5005249381065369,
    -0.02039584144949913,
    0.3931594789028168,
    0.4135074317455292,
    0.038425687700510025,
    0.452978253364563,
    0.5369283556938171,
    -0.004869083873927593,
    0.4508810341358185,
    0.5416842699050903,
    -0.008615790866315365,
    0.43370527029037476,
    0.4696338474750519,
    0.004832729697227478,
    0.41304221749305725,
    0.45052215456962585,
    0.025394968688488007,
    0.43251267075538635,
    0.4618718922138214,
    0.009421387687325478,
    0.40721893310546875,
    0.44206130504608154,
    0.03421154245734215,
    0.4526631832122803,
    0.5797496438026428,
    0.009865264408290386,
    0.44231852889060974,
    0.5731130838394165,
    0.04655291512608528,
    -0.023007161915302277,
    -0.018852902576327324,
    -0.01822994090616703,
    0.07454671710729599,
    -0.03390566259622574,
    -0.07285013049840927,
    -0.033328428864479065,
    -0.10655147582292557,
    0.027470756322145462,
    -0.01741732656955719,
    -0.12172382324934006,
    -0.04559120535850525,
    0.22280968725681305,
    0.07031647115945816,
    -0.06340641528367996,
    0.03733241185545921,
    -0.15973739326000214,
    0.06324820220470428,
    0.07807178795337677,
    0.1460932046175003,
    -0.0836489200592041,
    0.09967120736837387,
    -0.01849348284304142,
    0.15415236353874207,
    -0.08909870684146881,
    0.0013919606572017074,
    0.022661831229925156,
    0.10641573369503021,
    -0.0015413827495649457,
    0.018273144960403442,
    0.06455790251493454,
    -0.020260736346244812,
    -0.04851115494966507,
    0.12062367051839828,
    -0.09815813601016998,
    0.03182639181613922,
    0.015804804861545563,
    -0.05773954465985298,
    -0.053235091269016266,
    0.10746653378009796,
    -0.1516524702310562,
    -0.009418229572474957,
    -0.12161795794963837,
    0.06062539666891098,
    0.2004067599773407,
    0.18284252285957336,
    0.01707001030445099,
    -0.09872978180646896,
    -0.03933173418045044,
    -0.04429537057876587,
    0.06452751904726028,
    -0.12111108005046844,
    0.07485463470220566,
    0.09241273254156113,
    0.17274749279022217,
    0.15407094359397888,
    0.07336167991161346,
    0.032701440155506134,
    -0.09807616472244263,
    -0.04074320197105408,
    -0.11462899297475815,
    -0.06958815455436707,
    -0.12709493935108185,
    -0.05547172203660011,
    -0.0015449518105015159,
    0.11548035591840744,
    0.06584174931049347,
    -0.07617867738008499
  ],
  "length": 128,
  "min_value": 107,
  "max_value": 202
}